 	Task	Responder	sender_entity	sender_name	recipient	block	tool_type	tool	content
*	multi_agent_file_assistant	Entity.SYSTEM	Entity.SYSTEM	multi_agent_file_assistant		None			You are a multi-agent file assistant. Your job is to help the user with file req...ust express your request as "TOOL:" followed by the request in the above format.
*	multi_agent_file_assistant	Entity.USER	Entity.USER	multi_agent_file_assistant		None			Search for files about finance in myfiles and write a file-by file summary to my...ted in markdown, with each header being the topic of the file, and the file-path
 	multi_agent_file_assistant	Entity.USER	Entity.USER	Entity.USER		None			[CANNOT RESPOND]
 	multi_agent_file_assistant	Entity.AGENT	Entity.USER			None			
*	multi_agent_file_assistant	Entity.LLM	Entity.LLM			None	TOOL	file_search	TOOL: { "request": "file_search", "directory": "myfiles", "query": "finance" }
*	multi_agent_file_assistant	Entity.AGENT	Entity.AGENT	multi_agent_file_assistant		None			budgeting_tips.md: This file contains "Smart Budgeting Techniques" which are dir...g concepts like risk vs. reward, diversification, and building long-term wealth.
 	multi_agent_file_assistant	Entity.USER	Entity.USER	Entity.USER		None			[CANNOT RESPOND]
 	multi_agent_file_assistant	Entity.AGENT	Entity.AGENT	Entity.AGENT		None			[CANNOT RESPOND]
*	multi_agent_file_assistant	Entity.LLM	Entity.LLM			None	TOOL	read_file	TOOL: { "request": "read_file", "path": "myfiles/budgeting_tips.md" }
*	multi_agent_file_assistant	Entity.AGENT	Entity.AGENT	multi_agent_file_assistant		None			# Smart Budgeting Techniques Creating and maintaining a budget is the cornerston...ly, treating it as a living document that evolves with your financial situation.
 	multi_agent_file_assistant	Entity.USER	Entity.USER	Entity.USER		None			[CANNOT RESPOND]
 	multi_agent_file_assistant	Entity.AGENT	Entity.AGENT	Entity.AGENT		None			[CANNOT RESPOND]
*	multi_agent_file_assistant	Entity.LLM	Entity.LLM			None	TOOL	read_file	TOOL: { "request": "read_file", "path": "myfiles/debt_management.md" }
*	multi_agent_file_assistant	Entity.AGENT	Entity.AGENT	multi_agent_file_assistant		None			# Effective Debt Management Managing debt strategically can significantly improv...es and student loans can be investments in your future when managed responsibly.
 	multi_agent_file_assistant	Entity.USER	Entity.USER	Entity.USER		None			[CANNOT RESPOND]
 	multi_agent_file_assistant	Entity.AGENT	Entity.AGENT	Entity.AGENT		None			[CANNOT RESPOND]
*	multi_agent_file_assistant	Entity.LLM	Entity.LLM			None	TOOL	read_file	TOOL: { "request": "read_file", "path": "myfiles/investment_basics.md" }
*	multi_agent_file_assistant	Entity.AGENT	Entity.AGENT	multi_agent_file_assistant		None			# Investment Fundamentals Understanding investment basics is crucial for buildin...ency fund before investing. Remember that investing is a marathon, not a sprint.
 	multi_agent_file_assistant	Entity.USER	Entity.USER	Entity.USER		None			[CANNOT RESPOND]
 	multi_agent_file_assistant	Entity.AGENT	Entity.AGENT	Entity.AGENT		None			[CANNOT RESPOND]
*	multi_agent_file_assistant	Entity.LLM	Entity.LLM			None	TOOL	write_file	TOOL: { "request": "write_file", "path": "myfiles/test_summary.txt", "content": ...y fund before investing. Remember that investing is a marathon, not a sprint." }
*	multi_agent_file_assistant	Entity.AGENT	Entity.AGENT	multi_agent_file_assistant		None			Successfully wrote to myfiles/test_summary.txt
 	multi_agent_file_assistant	Entity.USER	Entity.USER	Entity.USER		None			[CANNOT RESPOND]
 	multi_agent_file_assistant	Entity.AGENT	Entity.AGENT	Entity.AGENT		None			[CANNOT RESPOND]
*	multi_agent_file_assistant	Entity.LLM	Entity.LLM			None	TOOL	done_tool	TOOL: { "request": "done_tool", "content": "Successfully created the file-by-file summary of finance-related files in myfiles/test_summary.txt." }
